ID,filename,trial_type,chamber,channel_letter,channel_num,set_number,average_speed,total_flight_time,distance,shortest_flying_bout,longest_flying_bout,portion_flying,total_duration,max_speed,test_date,time_start,time_end,duration_check,sex,population,county,site,host_plant,flew,flight_type,NOTES,mass,EWM,latitude,longitude,total_eggs,beak,thorax,wing,body,w_morph,morph_notes,tested
176,set004-2-20-2020-B3_176.txt,T1,B-3,B,3,4,0.6374543959983036,968.8000000000003,82.30730000000001,73.31999999999971,545.3099999999995,0.41272776071332734,2347.3099999999995,1.3658695652172832,2020-02-20,10:11:00,10:43:00,1920.0,F,Lake Wales,Polk,Polk Ave,K.elegans,N,,,0.057999999999999996,Y,27.896740299999998,-81.58046540000002,75.0,7.5,3.28,8.63,12.08,L,,yes
48,set007-2-25-2020-A4_48.txt,T1,A-4,A,4,7,0.5596582121982433,954.4299999999968,28.90179999999999,120.5099999999984,462.619999999999,0.4970989583333316,1920.0,1.2319607843088043,2020-02-25,15:31:00,16:03:00,1920.0,F,Homestead,Miami-Dade,SW 296th St,K.elegans,N,,,,,25.491362,-80.485821,2.0,6.05,3.37,8.45,11.71,L,wings torn at the end,yes
113,set010-2-28-2020-A4_113.txt,T1,A-4,A,4,10,0.4888947214654405,70.0,25.76029999999999,0.0,27.19000000000051,0.029071819854391688,2407.8300000000017,1.2566,2020-02-28,11:26:00,11:57:00,1860.0,M,Key Largo,Key Largo,KLMRL,C. corindum,N,,,0.037000000000000005,N,25.1000151,-80.437522,,5.63,3.01,8.64,11.48,L,,yes
54,set010-2-28-2020-A4_54.txt,T1,A-4,A,4,10,0.6636475339475003,36.030000000000655,21.99049999999999,0.0,24.829999999999927,0.016835583217685374,2140.1100000000006,1.3368085106401604,2020-02-28,12:02:00,12:36:00,2040.0,F,Lake Placid,Highlands,110N Main,K.elegans,N,,,0.094,Y,27.298631,-81.36615,89.0,6.44,3.38,9.42,12.99,L,,yes
123,set011-3-03-2020-A4_123.txt,T2,A-4,A,4,11,0.4875746455595546,81.99000000000036,16.335799999999995,0.0,38.76000000000022,0.0339319044327923,2416.31,1.28224489795916,2020-03-03,8:46:00,09:22:00,2160.0,M,North Key Largo,North Key Largo,N. Dagny,C. corindum,N,,,0.039,N,25.1820931,-80.36319379999998,,6.13,2.99,7.43,10.56,L,,yes
18,set011-3-03-2020-B2_18.txt,T2,B-2,B,2,11,0.6497383899992377,436.1800000000003,35.1848,74.69000000000051,341.8100000000004,0.198886512760418,2193.11,1.3962222222227865,2020-03-03,10:06:00,10:38:00,1920.0,M,Key Largo,Key Largo,JP,C. corindum,N,,,0.045,N,25.1284578,-80.4080913,,6.08,2.97,7.8,10.95,L,,yes
187,set011-3-03-2020-B2_187.txt,T2,B-2,B,2,11,0.5874732888810467,106.55999999999996,30.158399999999986,0.0,59.01000000000022,0.04646477859899272,2293.35,1.3962222222227865,2020-03-03,9:29:00,10:01:00,1920.0,F,Leesburg,Lake,Mount & 8th,K.elegans,N,,,0.087,Y,28.7963435,-81.8778849,196.0,6.14,3.66,8.79,12.14,L,,yes
22,set013-3-05-2020-A1_22.txt,T2,A-1,A,1,13,0.5257834515981037,1064.08,22.61879999999999,0.0,1006.5699999999997,0.4776735813398095,2227.63,1.231960784313198,2020-03-05,9:48:00,10:22:00,2040.0,M,North Key Largo,North Key Largo,DD front,C. corindum,N,,,0.046,N,25.27348850000001,-80.3040957,,5.75,2.94,8.3,11.4,L,,yes
419,set013-3-05-2020-A1_419.txt,T2,A-1,A,1,13,0.3899361359706224,1732.5599999999986,16.964099999999995,106.55999999999949,1427.7400000000007,0.7934165876712137,2183.669999999999,0.7953164556953235,2020-03-05,10:25:00,11:00:00,2100.0,M,North Key Largo,North Key Largo,N. Dagny,C. corindum,N,,,0.040999999999999995,N,25.1820931,-80.36319379999998,,6.09,3.08,8.05,11.21,L,wings torn at the end,yes
153,set013-3-05-2020-A4_153.txt,T2,A-4,A,4,13,0.7282262509838469,952.1399999999994,86.70539999999998,63.4300000000003,379.61999999999983,0.4357321007711139,2185.15,1.3962222222227865,2020-03-05,10:27:00,11:00:00,1980.0,M,Homestead,Miami-Dade,SW 296th St,K.elegans,N,,,0.028999999999999998,N,25.491362,-80.485821,,5.32,2.57,7.47,10.35,L,,yes
41,set013-3-05-2020-A4_41.txt,T2,A-4,A,4,13,0.5005393791362028,411.74999999999915,38.32630000000001,66.96999999999935,281.0699999999997,0.18480783127392805,2227.9900000000007,1.3368085106375736,2020-03-05,9:50:00,10:22:00,1920.0,F,Homestead,Miami-Dade,SW 296th St,K.elegans,N,,,0.12300000000000001,Y,25.491362,-80.485821,255.0,7.47,3.82,9.66,13.31,L,,yes
211,set015-3-09-2020-A1_211.txt,T2,A-1,A,1,15,0.5857687224862387,1283.090000000001,18.220699999999994,275.6400000000003,997.0200000000003,0.5466959808094629,2346.989999999999,1.3368085106375736,2020-03-09,10:32:00,11:09:00,2220.0,F,Key Largo,Key Largo,KLMRL,C. corindum,N,,,0.073,Y,25.1000151,-80.437522,156.0,7.7,3.36,9.15,12.65,L,,yes
31,set015-3-09-2020-A1_31.txt,T2,A-1,A,1,15,0.5767748206775092,344.91999999999825,170.26929999999945,64.93000000000029,190.60999999999882,0.16178008752221973,2132.0300000000007,1.3089583333345238,2020-03-09,12:59:00,13:32:00,1980.0,F,North Key Largo,North Key Largo,Carysfort,C. corindum,N,,,0.075,Y,25.2565615,-80.3108042,114.0,8.12,3.25,8.28,11.71,L,,yes
335,set015-3-09-2020-A1_335.txt,T2,A-1,A,1,15,0.5313093374815452,1258.0699999999981,29.53009999999999,104.21999999999935,790.0200000000003,0.588336801739658,2138.350000000001,1.3962222222199647,2020-03-09,11:48:00,12:23:00,2100.0,M,North Key Largo,North Key Largo,Charlemagne,C. corindum,N,,BUG: paint on antennae - will never fly,0.038,N,25.19515,-80.345916,,5.54,3.01,7.68,10.57,L,,yes
395,set015-3-09-2020-A1_395.txt,T2,A-1,A,1,15,0.6709785810648498,1130.29,25.76029999999999,269.3599999999997,807.8999999999997,0.498577433911329,2267.03,1.3658695652172832,2020-03-09,9:53:00,10:30:00,2220.0,M,Key Largo,Key Largo,KLMRL,C. corindum,N,,,0.045,N,25.1000151,-80.437522,,5.98,3.18,8.23,11.41,L,wings torn at the end,yes
108,set016-3-10-2020-B3_108.txt,T2,B-3,B,3,16,0.5439625434910275,46.10999999999876,18.849,0.0,31.399999999999643,0.02078946775175218,2217.9500000000007,1.3658695652145827,2020-03-10,11:26:00,11:56:00,1800.0,M,Plantation Key,Plantation Key,Founder's,C. corindum,N,,,0.051,N,24.96424,-80.5673321,,6.06,3.26,8.5,11.93,L,,yes
0,,,,,0,0,,,,,,,,,,,,,M,North Key Largo,,DD Front,C. corindum,,,,,,25.273488500000003,-80.3040957,,5.33,2.95,7.7,10.75,L,,no
0,,,,,0,0,,,,,,,,,,,,,M,North Key Largo,,DD Front,C. corindum,,,,,,25.273488500000003,-80.3040957,,5.97,2.92,8.1,10.84,L,,no
0,,,,,0,0,,,,,,,,,,,,,F,North Key Largo,,DD Front,C. corindum,,,,,,25.273488500000003,-80.3040957,,7.71,3.47,8.42,11.78,L,,no
0,,,,,0,0,,,,,,,,,,,,,F,North Key Largo,,DD Front,C. corindum,,,,,,25.273488500000003,-80.3040957,,8.23,3.76,9.4,13.0,L,,no
0,,,,,0,0,,,,,,,,,,,,,M,North Key Largo,,DD Front,C. corindum,,,,,,25.273488500000003,-80.3040957,,6.06,2.83,5.88,8.77,S,,no
0,,,,,0,0,,,,,,,,,,,,,F,North Key Largo,,DD Front,C. corindum,,,,,,25.273488500000003,-80.3040957,,8.59,3.68,9.92,13.59,L,,no
0,,,,,0,0,,,,,,,,,,,,,M,North Key Largo,,N. Dagny,C. corindum,,,,,,25.1820931,-80.36319379999999,,5.18,2.6,5.45,8.6,S,,no
0,,,,,0,0,,,,,,,,,,,,,M,North Key Largo,,N. Dagny,C. corindum,,,,,,25.1820931,-80.36319379999999,,5.5,3.02,8.18,11.11,L,,no
0,,,,,0,0,,,,,,,,,,,,,M,North Key Largo,,N. Dagny,C. corindum,,,,,,25.1820931,-80.36319379999999,,5.51,2.66,5.05,7.74,S,,no
0,,,,,0,0,,,,,,,,,,,,,M,North Key Largo,,N. Dagny,C. corindum,,,,,,25.1820931,-80.36319379999999,,5.64,2.9,4.8,7.98,S,,no
0,,,,,0,0,,,,,,,,,,,,,F,North Key Largo,,N. Dagny,C. corindum,,,,,,25.1820931,-80.36319379999999,,6.88,3.23,5.25,9.09,S,,no
0,,,,,0,0,,,,,,,,,,,,,M,North Key Largo,,N. Dagny,C. corindum,,,,,,25.1820931,-80.36319379999999,,5.5,2.75,5.56,8.52,S,,no
0,,,,,0,0,,,,,,,,,,,,,F,North Key Largo,,N. Dagny,C. corindum,,,,,,25.1820931,-80.36319379999999,,8.79,3.65,9.15,12.49,L,,no
0,,,,,0,0,,,,,,,,,,,,,F,North Key Largo,,N. Dagny,C. corindum,,,,,,25.1820931,-80.36319379999999,,6.14,2.82,4.19,7.63,S,,no
0,,,,,0,0,,,,,,,,,,,,,F,North Key Largo,,N. Dagny,C. corindum,,,,,,25.1820931,-80.36319379999999,,6.1,2.94,4.68,8.01,S,,no
0,,,,,0,0,,,,,,,,,,,,,F,North Key Largo,,N. Dagny,C. corindum,,,,,,25.1820931,-80.36319379999999,,5.59,2.56,4.49,7.42,S,,no
0,,,,,0,0,,,,,,,,,,,,,F,North Key Largo,,N. Dagny,C. corindum,,,,,,25.1820931,-80.36319379999999,,7.76,3.44,6.22,10.32,S,,no
0,,,,,0,0,,,,,,,,,,,,,F,North Key Largo,,N. Dagny,C. corindum,,,,,,25.1820931,-80.36319379999999,,6.55,2.91,4.62,7.93,S,,no
0,,,,,0,0,,,,,,,,,,,,,M,North Key Largo,,N. Dagny,C. corindum,,,,,,25.1820931,-80.36319379999999,,4.9,2.24,3.67,6.59,S,,no
0,,,,,0,0,,,,,,,,,,,,,M,North Key Largo,,N. Dagny,C. corindum,,,,,,25.1820931,-80.36319379999999,,5.76,2.86,7.33,10.26,L,,no
0,,,,,0,0,,,,,,,,,,,,,M,Plantation Key,,Founder's,C. corindum,,,,,,24.96424,-80.5673321,,5.43,2.58,4.49,7.58,S,,no
0,,,,,0,0,,,,,,,,,,,,,M,Plantation Key,,Founder's,C. corindum,,,,,,24.96424,-80.5673321,,5.3,2.51,4.09,6.76,S,,no
0,,,,,0,0,,,,,,,,,,,,,F,Plantation Key,,Founder's,C. corindum,,,,,,24.96424,-80.5673321,,7.03,2.92,4.94,8.71,S,,no
0,,,,,0,0,,,,,,,,,,,,,M,Plantation Key,,Founder's,C. corindum,,,,,,24.96424,-80.5673321,,5.57,2.63,4.34,7.44,S,,no
0,,,,,0,0,,,,,,,,,,,,,F,Plantation Key,,Founder's,C. corindum,,,,,,24.96424,-80.5673321,,7.26,3.23,4.78,8.53,S,,no
0,,,,,0,0,,,,,,,,,,,,,F,Plantation Key,,Founder's,C. corindum,,,,,,24.96424,-80.5673321,,6.48,3.33,9.03,12.18,L,,no
0,,,,,0,0,,,,,,,,,,,,,M,Plantation Key,,Founder's,C. corindum,,,,,,24.96424,-80.5673321,,6.22,3.44,8.17,11.65,L,,no
0,,,,,0,0,,,,,,,,,,,,,M,Plantation Key,,Founder's,C. corindum,,,,,,24.96424,-80.5673321,,5.71,2.66,4.46,7.6,S,,no
0,,,,,0,0,,,,,,,,,,,,,F,Plantation Key,,Founder's,C. corindum,,,,,,24.96424,-80.5673321,,6.04,2.85,4.48,7.84,S,,no
0,,,,,0,0,,,,,,,,,,,,,M,Plantation Key,,Founder's,C. corindum,,,,,,24.96424,-80.5673321,,4.46,2.23,3.69,6.29,S,,no
0,,,,,0,0,,,,,,,,,,,,,M,Plantation Key,,Founder's,C. corindum,,,,,,24.96424,-80.5673321,,5.77,2.75,7.82,10.62,L,,no
0,,,,,0,0,,,,,,,,,,,,,F,Plantation Key,,Founder's,C. corindum,,,,,,24.96424,-80.5673321,,6.33,3.06,5.18,8.61,S,,no
0,,,,,0,0,,,,,,,,,,,,,F,Plantation Key,,Founder's,C. corindum,,,,,,24.96424,-80.5673321,,7.03,3.11,4.79,8.51,S,,no
0,,,,,0,0,,,,,,,,,,,,,F,Plantation Key,,Founder's,C. corindum,,,,,,24.96424,-80.5673321,,6.99,3.3,4.87,8.97,S,,no
0,,,,,0,0,,,,,,,,,,,,,M,Plantation Key,,Founder's,C. corindum,,,,,,24.96424,-80.5673321,,5.64,2.68,4.48,7.56,S,,no
0,,,,,0,0,,,,,,,,,,,,,M,Plantation Key,,Founder's,C. corindum,,,,,,24.96424,-80.5673321,,5.37,2.5,3.99,7.06,S,,no
0,,,,,0,0,,,,,,,,,,,,,F,Plantation Key,,Founder's,C. corindum,,,,,,24.96424,-80.5673321,,7.75,3.48,6.27,10.1,S,,no
0,,,,,0,0,,,,,,,,,,,,,F,Plantation Key,,Founder's,C. corindum,,,,,,24.96424,-80.5673321,,7.5,3.86,10.09,13.6,L,,no
0,,,,,0,0,,,,,,,,,,,,,F,North Key Largo,,MM165,C. corindum,,,,,,25.2275238,-80.3283788,,8.53,3.58,8.92,12.6,L,,no
0,,,,,0,0,,,,,,,,,,,,,F,North Key Largo,,MM165,C. corindum,,,,,,25.2275238,-80.3283788,,8.21,3.6,9.06,12.65,L,,no
0,,,,,0,0,,,,,,,,,,,,,M,North Key Largo,,MM165,C. corindum,,,,,,25.2275238,-80.3283788,,5.89,3.0,7.67,10.66,L,,no
0,,,,,0,0,,,,,,,,,,,,,M,North Key Largo,,MM165,C. corindum,,,,,,25.2275238,-80.3283788,,5.36,2.69,7.59,10.46,L,,no
0,,,,,0,0,,,,,,,,,,,,,F,Plantation Key,,Aregood Lane,C. corindum,,,,,,24.9735748,-80.5539224,,7.88,3.99,10.07,13.76,L,wings torn at the end,no
0,,,,,0,0,,,,,,,,,,,,,F,Plantation Key,,Aregood Lane,C. corindum,,,,,,24.9735748,-80.5539224,,8.75,3.88,9.79,13.63,L,wings torn at the end,no
0,,,,,0,0,,,,,,,,,,,,,M,North Key Largo,,Dynamite Docks,C. corindum,,,,,,25.286607399999998,-80.290806,,5.86,2.82,4.69,7.99,S,,no
0,,,,,0,0,,,,,,,,,,,,,F,North Key Largo,,Dynamite Docks,C. corindum,,,,,,25.286607399999998,-80.290806,,6.22,2.99,4.84,8.34,S,,no
0,,,,,0,0,,,,,,,,,,,,,M,North Key Largo,,Dynamite Docks,C. corindum,,,,,,25.286607399999998,-80.290806,,5.14,2.48,4.55,7.11,S,,no
0,,,,,0,0,,,,,,,,,,,,,M,North Key Largo,,Dynamite Docks,C. corindum,,,,,,25.286607399999998,-80.290806,,5.75,2.65,4.47,7.64,S,,no
0,,,,,0,0,,,,,,,,,,,,,F,North Key Largo,,Dynamite Docks,C. corindum,,,,,,25.286607399999998,-80.290806,,7.97,3.67,9.36,12.93,L,,no
0,,,,,0,0,,,,,,,,,,,,,M,North Key Largo,,Dynamite Docks,C. corindum,,,,,,25.286607399999998,-80.290806,,6.4,3.34,7.67,10.86,L,wings torn at the end,no
0,,,,,0,0,,,,,,,,,,,,,M,North Key Largo,,Dynamite Docks,C. corindum,,,,,,25.286607399999998,-80.290806,,5.41,3.18,8.0,11.02,L,,no
0,,,,,0,0,,,,,,,,,,,,,F,North Key Largo,,Dynamite Docks,C. corindum,,,,,,25.286607399999998,-80.290806,,8.51,3.69,9.63,13.47,L,,no
0,,,,,0,0,,,,,,,,,,,,,M,North Key Largo,,Charlemagne,C. corindum,,,,,,25.19515,-80.345916,,5.99,3.03,5.14,8.48,S,,no
0,,,,,0,0,,,,,,,,,,,,,M,North Key Largo,,Charlemagne,C. corindum,,,,,,25.19515,-80.345916,,5.51,2.48,4.24,7.19,S,,no
0,,,,,0,0,,,,,,,,,,,,,F,North Key Largo,,Charlemagne,C. corindum,,,,,,25.19515,-80.345916,,6.85,2.91,4.76,8.2,S,,no
0,,,,,0,0,,,,,,,,,,,,,F,North Key Largo,,Charlemagne,C. corindum,,,,,,25.19515,-80.345916,,6.44,2.75,4.2,7.74,S,,no
0,,,,,0,0,,,,,,,,,,,,,M,North Key Largo,,Charlemagne,C. corindum,,,,,,25.19515,-80.345916,,5.41,2.41,4.45,7.56,S,,no
0,,,,,0,0,,,,,,,,,,,,,M,North Key Largo,,Charlemagne,C. corindum,,,,,,25.19515,-80.345916,,5.91,2.85,5.43,8.28,S,,no
0,,,,,0,0,,,,,,,,,,,,,F,North Key Largo,,Charlemagne,C. corindum,,,,,,25.19515,-80.345916,,6.07,2.78,4.41,7.88,S,,no
0,,,,,0,0,,,,,,,,,,,,,M,North Key Largo,,Charlemagne,C. corindum,,,,,,25.19515,-80.345916,,5.64,2.72,4.73,7.72,S,,no
0,,,,,0,0,,,,,,,,,,,,,F,North Key Largo,,Charlemagne,C. corindum,,,,,,25.19515,-80.345916,,7.51,2.99,5.07,8.7,S,,no
0,,,,,0,0,,,,,,,,,,,,,M,North Key Largo,,Charlemagne,C. corindum,,,,,,25.19515,-80.345916,,5.36,2.44,3.71,6.51,S,,no
0,,,,,0,0,,,,,,,,,,,,,F,North Key Largo,,Charlemagne,C. corindum,,,,,,25.19515,-80.345916,,5.82,2.56,3.86,6.93,S,,no
0,,,,,0,0,,,,,,,,,,,,,F,North Key Largo,,Charlemagne,C. corindum,,,,,,25.19515,-80.345916,,5.88,2.65,4.14,7.31,S,,no
0,,,,,0,0,,,,,,,,,,,,,M,North Key Largo,,Charlemagne,C. corindum,,,,,,25.19515,-80.345916,,5.47,2.41,4.22,6.97,S,,no
0,,,,,0,0,,,,,,,,,,,,,M,North Key Largo,,Charlemagne,C. corindum,,,,,,25.19515,-80.345916,,5.26,2.39,3.66,6.57,S,,no
0,,,,,0,0,,,,,,,,,,,,,F,Homestead,,,K.elegans,,,,,,25.491362,-80.485821,,6.48,3.05,5.29,8.97,S,,no
0,,,,,0,0,,,,,,,,,,,,,F,Homestead,,,K.elegans,,,,,,25.491362,-80.485821,,5.97,2.98,4.94,8.27,S,,no
0,,,,,0,0,,,,,,,,,,,,,M,Homestead,,,K.elegans,,,,,,25.491362,-80.485821,,5.35,2.77,5.25,8.36,S,,no
0,,,,,0,0,,,,,,,,,,,,,M,Homestead,,,K.elegans,,,,,,25.491362,-80.485821,,5.13,2.89,7.42,10.08,L,,no
0,,,,,0,0,,,,,,,,,,,,,M,Homestead,,,K.elegans,,,,,,25.491362,-80.485821,,5.04,3.25,8.62,11.62,L,,no
0,,,,,0,0,,,,,,,,,,,,,M,Homestead,,,K.elegans,,,,,,25.491362,-80.485821,,5.18,2.6,5.93,7.98,S,,no
0,,,,,0,0,,,,,,,,,,,,,M,Homestead,,,K.elegans,,,,,,25.491362,-80.485821,,5.54,2.63,4.78,7.88,S,,no
0,,,,,0,0,,,,,,,,,,,,,M,Homestead,,,K.elegans,,,,,,25.491362,-80.485821,,5.22,2.51,4.53,7.44,S,,no
0,,,,,0,0,,,,,,,,,,,,,F,Homestead,,,K.elegans,,,,,,25.491362,-80.485821,,6.52,3.01,5.06,8.4,S,,no
0,,,,,0,0,,,,,,,,,,,,,F,Homestead,,,K.elegans,,,,,,25.491362,-80.485821,,7.26,3.06,8.52,11.96,L,,no
0,,,,,0,0,,,,,,,,,,,,,M,Homestead,,,K.elegans,,,,,,25.491362,-80.485821,,5.54,2.84,7.72,10.6,L,,no
0,,,,,0,0,,,,,,,,,,,,,M,Homestead,,,K.elegans,,,,,,25.491362,-80.485821,,5.62,3.04,8.29,11.42,L,,no
0,,,,,0,0,,,,,,,,,,,,,M,Homestead,,,K.elegans,,,,,,25.491362,-80.485821,,5.4,3.29,8.9,11.88,L,,no
0,,,,,0,0,,,,,,,,,,,,,M,Homestead,,,K.elegans,,,,,,25.491362,-80.485821,,5.73,3.11,8.39,11.14,L,,no
0,,,,,0,0,,,,,,,,,,,,,F,Gainesville,,,K.elegans,,,,,,29.662022399999998,-82.347313,,6.65,3.52,9.59,12.99,L,,no
0,,,,,0,0,,,,,,,,,,,,,M,Gainesville,,,K.elegans,,,,,,29.662022399999998,-82.347313,,6.3,3.16,7.56,10.44,L,wings torn at the end,no
0,,,,,0,0,,,,,,,,,,,,,F,Gainesville,,,K.elegans,,,,,,29.662022399999998,-82.347313,,5.76,3.2,7.6,10.63,L,wings torn at the end,no
0,,,,,0,0,,,,,,,,,,,,,M,Gainesville,,,K.elegans,,,,,,29.662022399999998,-82.347313,,5.26,3.02,8.11,11.26,L,,no
0,,,,,0,0,,,,,,,,,,,,,F,Gainesville,,,K.elegans,,,,,,29.662022399999998,-82.347313,,5.97,3.55,8.08,11.15,L,wings torn at the end,no
0,,,,,0,0,,,,,,,,,,,,,M,Gainesville,,,K.elegans,,,,,,29.662022399999998,-82.347313,,5.07,2.9,8.04,10.8,L,,no
0,,,,,0,0,,,,,,,,,,,,,M,Gainesville,,,K.elegans,,,,,,29.662022399999998,-82.347313,,6.2,3.31,7.98,11.11,L,wings torn at the end,no
0,,,,,0,0,,,,,,,,,,,,,M,Gainesville,,,K.elegans,,,,,,29.662022399999998,-82.347313,,6.11,3.14,7.87,10.81,L,,no
0,,,,,0,0,,,,,,,,,,,,,M,Gainesville,,,K.elegans,,,,,,29.662022399999998,-82.347313,,6.12,3.27,8.21,11.14,L,wings torn at the end,no
0,,,,,0,0,,,,,,,,,,,,,M,Gainesville,,,K.elegans,,,,,,29.662022399999998,-82.347313,,5.02,2.83,7.44,10.22,L,,no
0,,,,,0,0,,,,,,,,,,,,,M,Gainesville,,,K.elegans,,,,,,29.662022399999998,-82.347313,,5.68,3.13,7.23,10.17,L,wings torn at the end,no
0,,,,,0,0,,,,,,,,,,,,,M,Gainesville,,,K.elegans,,,,,,29.662022399999998,-82.347313,,6.0,3.38,7.75,10.97,L,wings torn at the end,no
0,,,,,0,0,,,,,,,,,,,,,M,Gainesville,,,K.elegans,,,,,,29.662022399999998,-82.347313,,6.04,3.22,8.05,11.17,L,wings torn at the end,no
0,,,,,0,0,,,,,,,,,,,,,M,Gainesville,,,K.elegans,,,,,,29.662022399999998,-82.347313,,5.94,3.34,7.95,11.19,L,wings torn at the end,no
0,,,,,0,0,,,,,,,,,,,,,F,Gainesville,,,K.elegans,,,,,,29.662022399999998,-82.347313,,7.98,3.54,8.75,12.3,L,wings torn at the end,no
0,,,,,0,0,,,,,,,,,,,,,M,Gainesville,,,K.elegans,,,,,,29.662022399999998,-82.347313,,6.13,3.44,9.16,12.6,L,,no
0,,,,,0,0,,,,,,,,,,,,,F,Gainesville,,,K.elegans,,,,,,29.662022399999998,-82.347313,,5.25,3.07,8.26,11.03,L,,no
0,,,,,0,0,,,,,,,,,,,,,M,Gainesville,,,K.elegans,,,,,,29.662022399999998,-82.347313,,5.22,3.16,8.3,11.16,L,,no
0,,,,,0,0,,,,,,,,,,,,,M,Gainesville,,,K.elegans,,,,,,29.662022399999998,-82.347313,,5.51,3.08,8.28,11.13,L,,no
0,,,,,0,0,,,,,,,,,,,,,M,North Key Largo,,Dagny Trellis,C. corindum,,,,,,25.1755702,-80.3678089,,5.31,2.58,4.05,7.11,S,,no
0,,,,,0,0,,,,,,,,,,,,,F,North Key Largo,,Dagny Trellis,C. corindum,,,,,,25.1755702,-80.3678089,,6.65,3.19,5.34,9.01,S,,no
0,,,,,0,0,,,,,,,,,,,,,M,North Key Largo,,Dagny Trellis,C. corindum,,,,,,25.1755702,-80.3678089,,5.42,2.43,5.1,7.86,S,,no
0,,,,,0,0,,,,,,,,,,,,,M,North Key Largo,,Dagny Trellis,C. corindum,,,,,,25.1755702,-80.3678089,,5.64,2.71,4.48,7.3,S,,no
0,,,,,0,0,,,,,,,,,,,,,M,North Key Largo,,Dagny Trellis,C. corindum,,,,,,25.1755702,-80.3678089,,5.47,2.85,4.55,7.61,S,,no
0,,,,,0,0,,,,,,,,,,,,,F,North Key Largo,,Dagny Trellis,C. corindum,,,,,,25.1755702,-80.3678089,,7.25,3.21,5.47,9.28,S,,no
0,,,,,0,0,,,,,,,,,,,,,F,North Key Largo,,Dagny Trellis,C. corindum,,,,,,25.1755702,-80.3678089,,6.07,2.8,4.26,7.67,S,,no
0,,,,,0,0,,,,,,,,,,,,,M,North Key Largo,,Dagny Trellis,C. corindum,,,,,,25.1755702,-80.3678089,,5.72,2.73,4.95,8.15,S,,no
0,,,,,0,0,,,,,,,,,,,,,M,North Key Largo,,Dagny Trellis,C. corindum,,,,,,25.1755702,-80.3678089,,5.46,2.58,4.52,7.8,S,,no
0,,,,,0,0,,,,,,,,,,,,,M,North Key Largo,,Dagny Trellis,C. corindum,,,,,,25.1755702,-80.3678089,,5.31,2.52,4.2,7.3,S,,no
0,,,,,0,0,,,,,,,,,,,,,F,North Key Largo,,Dagny Trellis,C. corindum,,,,,,25.1755702,-80.3678089,,6.89,3.03,5.29,9.03,S,,no
0,,,,,0,0,,,,,,,,,,,,,F,North Key Largo,,Dagny Trellis,C. corindum,,,,,,25.1755702,-80.3678089,,6.51,3.09,4.87,8.15,S,,no
0,,,,,0,0,,,,,,,,,,,,,M,North Key Largo,,Dagny Trellis,C. corindum,,,,,,25.1755702,-80.3678089,,5.65,2.68,4.36,7.38,S,,no
0,,,,,0,0,,,,,,,,,,,,,F,North Key Largo,,Dagny Trellis,C. corindum,,,,,,25.1755702,-80.3678089,,8.22,3.7,9.58,13.14,L,,no
0,,,,,0,0,,,,,,,,,,,,,M,North Key Largo,,Dagny Trellis,C. corindum,,,,,,25.1755702,-80.3678089,,5.18,2.62,4.39,7.8,S,,no
0,,,,,0,0,,,,,,,,,,,,,M,North Key Largo,,Dagny Trellis,C. corindum,,,,,,25.1755702,-80.3678089,,5.08,2.36,3.94,6.79,S,,no
0,,,,,0,0,,,,,,,,,,,,,M,North Key Largo,,Dagny Trellis,C. corindum,,,,,,25.1755702,-80.3678089,,5.04,2.51,3.89,6.96,S,,no
0,,,,,0,0,,,,,,,,,,,,,F,North Key Largo,,Dagny Trellis,C. corindum,,,,,,25.1755702,-80.3678089,,6.38,2.78,4.47,8.09,S,,no
0,,,,,0,0,,,,,,,,,,,,,F,North Key Largo,,Dagny Trellis,C. corindum,,,,,,25.1755702,-80.3678089,,9.21,3.76,9.44,13.19,L,wings torn at the end,no
0,,,,,0,0,,,,,,,,,,,,,F,Leesburg,,,K.elegans,,,,,,28.7963435,-81.8778849,,6.47,3.5,9.35,12.66,L,,no
0,,,,,0,0,,,,,,,,,,,,,M,Leesburg,,,K.elegans,,,,,,28.7963435,-81.8778849,,5.54,2.94,8.29,11.12,L,,no
0,,,,,0,0,,,,,,,,,,,,,F,Leesburg,,,K.elegans,,,,,,28.7963435,-81.8778849,,6.36,2.74,5.09,8.22,S,,no
0,,,,,0,0,,,,,,,,,,,,,F,Leesburg,,,K.elegans,,,,,,28.7963435,-81.8778849,,6.41,3.0,7.97,11.17,L,,no
0,,,,,0,0,,,,,,,,,,,,,M,Leesburg,,,K.elegans,,,,,,28.7963435,-81.8778849,,5.83,3.26,8.21,11.29,L,wings torn at the end,no
0,,,,,0,0,,,,,,,,,,,,,M,Leesburg,,,K.elegans,,,,,,28.7963435,-81.8778849,,4.87,2.96,7.94,10.68,L,,no
0,,,,,0,0,,,,,,,,,,,,,M,Leesburg,,,K.elegans,,,,,,28.7963435,-81.8778849,,5.53,3.19,8.56,11.64,L,,no
0,,,,,0,0,,,,,,,,,,,,,M,Leesburg,,,K.elegans,,,,,,28.7963435,-81.8778849,,5.09,2.83,4.81,7.83,L/S,,no
0,,,,,0,0,,,,,,,,,,,,,M,Leesburg,,,K.elegans,,,,,,28.7963435,-81.8778849,,5.51,3.31,8.82,12.06,L,,no
0,,,,,0,0,,,,,,,,,,,,,M,Leesburg,,,K.elegans,,,,,,28.7963435,-81.8778849,,5.05,2.89,8.15,10.94,L,,no
0,,,,,0,0,,,,,,,,,,,,,M,Leesburg,,,K.elegans,,,,,,28.7963435,-81.8778849,,5.0,2.99,8.36,11.05,L,,no
0,,,,,0,0,,,,,,,,,,,,,F,Leesburg,,,K.elegans,,,,,,28.7963435,-81.8778849,,6.54,3.46,9.5,13.09,L,,no
0,,,,,0,0,,,,,,,,,,,,,F,Leesburg,,,K.elegans,,,,,,28.7963435,-81.8778849,,6.31,3.47,9.17,12.53,L,,no
0,,,,,0,0,,,,,,,,,,,,,M,Leesburg,,,K.elegans,,,,,,28.7963435,-81.8778849,,5.6,3.1,7.95,11.32,L,,no
0,,,,,0,0,,,,,,,,,,,,,F,Leesburg,,,K.elegans,,,,,,28.7963435,-81.8778849,,7.62,3.37,8.17,11.62,L,wings torn at the end,no
0,,,,,0,0,,,,,,,,,,,,,M,Leesburg,,,K.elegans,,,,,,28.7963435,-81.8778849,,5.19,2.88,4.99,7.88,S,,no
0,,,,,0,0,,,,,,,,,,,,,M,Leesburg,,,K.elegans,,,,,,28.7963435,-81.8778849,,5.4,3.05,8.11,10.98,L,,no
0,,,,,0,0,,,,,,,,,,,,,M,Leesburg,,,K.elegans,,,,,,28.7963435,-81.8778849,,4.99,2.96,7.3,10.28,L,,no
0,,,,,0,0,,,,,,,,,,,,,F,Lake Placid,,Barber Shop,K.elegans,,,,,,27.298659999999998,-81.1366116,,6.96,3.59,9.18,12.8,L,,no
0,,,,,0,0,,,,,,,,,,,,,M,Lake Placid,,Barber Shop,K.elegans,,,,,,27.298659999999998,-81.1366116,,5.56,2.96,7.91,10.89,L,,no
0,,,,,0,0,,,,,,,,,,,,,F,Lake Placid,,Barber Shop,K.elegans,,,,,,27.298659999999998,-81.1366116,,7.61,3.44,9.09,12.74,L,,no
0,,,,,0,0,,,,,,,,,,,,,F,Lake Placid,,Barber Shop,K.elegans,,,,,,27.298659999999998,-81.1366116,,6.51,3.36,8.88,12.0,L,,no
0,,,,,0,0,,,,,,,,,,,,,M,Lake Placid,,Barber Shop,K.elegans,,,,,,27.298659999999998,-81.1366116,,5.14,2.75,6.93,9.83,L,,no
0,,,,,0,0,,,,,,,,,,,,,M,Lake Placid,,Barber Shop,K.elegans,,,,,,27.298659999999998,-81.1366116,,5.45,2.95,7.64,10.72,L,,no
0,,,,,0,0,,,,,,,,,,,,,M,Lake Placid,,Barber Shop,K.elegans,,,,,,27.298659999999998,-81.1366116,,5.72,3.0,8.36,11.56,L,,no
0,,,,,0,0,,,,,,,,,,,,,M,Lake Placid,,Barber Shop,K.elegans,,,,,,27.298659999999998,-81.1366116,,5.46,2.98,7.47,10.46,L,,no
